{
  "id": "00000000-0000-0000-0000-000000000000",
  "revision": 0,
  "last_node_id": 10,
  "last_link_id": 8,
  "nodes": [
    {
      "id": 1,
      "type": "LoadLoraOnly",
      "pos": [
        115.20001220703125,
        230.3599853515625
      ],
      "size": [
        387.1199951171875,
        58
      ],
      "flags": {},
      "order": 0,
      "mode": 0,
      "inputs": [
        {
          "localized_name": "lora_name",
          "name": "lora_name",
          "type": "COMBO",
          "widget": {
            "name": "lora_name"
          },
          "link": null
        }
      ],
      "outputs": [
        {
          "localized_name": "lora",
          "name": "lora",
          "type": "LORA",
          "links": [
            1,
            3
          ]
        }
      ],
      "properties": {
        "cnr_id": "lorautils",
        "ver": "f6db1368facc26d491f90015d620f7b2b8e0c9f9",
        "Node name for S&R": "LoadLoraOnly",
        "aux_id": "lrzjason/Comfyui-LoraUtils"
      },
      "widgets_values": [
        "qwen\\handpick_json-19-24800.safetensors"
      ]
    },
    {
      "id": 7,
      "type": "UNETLoader",
      "pos": [
        537.7002563476562,
        83.41088104248047
      ],
      "size": [
        401.19989013671875,
        82
      ],
      "flags": {},
      "order": 1,
      "mode": 0,
      "inputs": [
        {
          "localized_name": "unet_name",
          "name": "unet_name",
          "type": "COMBO",
          "widget": {
            "name": "unet_name"
          },
          "link": null
        },
        {
          "localized_name": "weight_dtype",
          "name": "weight_dtype",
          "type": "COMBO",
          "widget": {
            "name": "weight_dtype"
          },
          "link": null
        }
      ],
      "outputs": [
        {
          "localized_name": "MODEL",
          "name": "MODEL",
          "type": "MODEL",
          "links": [
            5
          ]
        }
      ],
      "properties": {
        "cnr_id": "comfy-core",
        "ver": "0.3.59",
        "Node name for S&R": "UNETLoader"
      },
      "widgets_values": [
        "qwen_image_fp8_e4m3fn.safetensors",
        "default"
      ]
    },
    {
      "id": 3,
      "type": "MergeLoraToModel",
      "pos": [
        999.0399169921875,
        211.16009521484375
      ],
      "size": [
        270,
        122
      ],
      "flags": {},
      "order": 5,
      "mode": 0,
      "inputs": [
        {
          "localized_name": "model",
          "name": "model",
          "type": "MODEL",
          "link": 5
        },
        {
          "localized_name": "lora",
          "name": "lora",
          "type": "LORA",
          "link": 2
        },
        {
          "localized_name": "clip",
          "name": "clip",
          "shape": 7,
          "type": "CLIP",
          "link": null
        },
        {
          "localized_name": "strength_model",
          "name": "strength_model",
          "type": "FLOAT",
          "widget": {
            "name": "strength_model"
          },
          "link": null
        },
        {
          "localized_name": "strength_clip",
          "name": "strength_clip",
          "shape": 7,
          "type": "FLOAT",
          "widget": {
            "name": "strength_clip"
          },
          "link": null
        }
      ],
      "outputs": [
        {
          "localized_name": "MODEL",
          "name": "MODEL",
          "type": "MODEL",
          "links": [
            6
          ]
        },
        {
          "localized_name": "CLIP",
          "name": "CLIP",
          "type": "CLIP",
          "links": null
        }
      ],
      "properties": {
        "cnr_id": "lorautils",
        "ver": "f6db1368facc26d491f90015d620f7b2b8e0c9f9",
        "Node name for S&R": "MergeLoraToModel",
        "aux_id": "lrzjason/Comfyui-LoraUtils"
      },
      "widgets_values": [
        1,
        1
      ]
    },
    {
      "id": 8,
      "type": "KSampler",
      "pos": [
        1319.7801513671875,
        209.49090576171875
      ],
      "size": [
        270,
        262
      ],
      "flags": {},
      "order": 7,
      "mode": 0,
      "inputs": [
        {
          "localized_name": "model",
          "name": "model",
          "type": "MODEL",
          "link": 6
        },
        {
          "localized_name": "positive",
          "name": "positive",
          "type": "CONDITIONING",
          "link": null
        },
        {
          "localized_name": "negative",
          "name": "negative",
          "type": "CONDITIONING",
          "link": null
        },
        {
          "localized_name": "latent_image",
          "name": "latent_image",
          "type": "LATENT",
          "link": null
        },
        {
          "localized_name": "seed",
          "name": "seed",
          "type": "INT",
          "widget": {
            "name": "seed"
          },
          "link": null
        },
        {
          "localized_name": "steps",
          "name": "steps",
          "type": "INT",
          "widget": {
            "name": "steps"
          },
          "link": null
        },
        {
          "localized_name": "cfg",
          "name": "cfg",
          "type": "FLOAT",
          "widget": {
            "name": "cfg"
          },
          "link": null
        },
        {
          "localized_name": "sampler_name",
          "name": "sampler_name",
          "type": "COMBO",
          "widget": {
            "name": "sampler_name"
          },
          "link": null
        },
        {
          "localized_name": "scheduler",
          "name": "scheduler",
          "type": "COMBO",
          "widget": {
            "name": "scheduler"
          },
          "link": null
        },
        {
          "localized_name": "denoise",
          "name": "denoise",
          "type": "FLOAT",
          "widget": {
            "name": "denoise"
          },
          "link": null
        }
      ],
      "outputs": [
        {
          "localized_name": "LATENT",
          "name": "LATENT",
          "type": "LATENT",
          "links": null
        }
      ],
      "properties": {
        "cnr_id": "comfy-core",
        "ver": "0.3.59",
        "Node name for S&R": "KSampler"
      },
      "widgets_values": [
        582913130837086,
        "randomize",
        20,
        8,
        "euler",
        "simple",
        1
      ]
    },
    {
      "id": 5,
      "type": "LoraStatViewer",
      "pos": [
        536.3200073242188,
        425.56005859375
      ],
      "size": [
        179.58322143554688,
        26
      ],
      "flags": {},
      "order": 4,
      "mode": 0,
      "inputs": [
        {
          "localized_name": "lora",
          "name": "lora",
          "type": "LORA",
          "link": 3
        }
      ],
      "outputs": [
        {
          "localized_name": "lora_info",
          "name": "lora_info",
          "type": "STRING",
          "links": [
            7
          ]
        }
      ],
      "properties": {
        "cnr_id": "lorautils",
        "ver": "f6db1368facc26d491f90015d620f7b2b8e0c9f9",
        "Node name for S&R": "LoraStatViewer",
        "aux_id": "lrzjason/Comfyui-LoraUtils"
      },
      "widgets_values": []
    },
    {
      "id": 9,
      "type": "PreviewAny",
      "pos": [
        537.602783203125,
        508.4347839355469
      ],
      "size": [
        388.5823974609375,
        361.7536315917969
      ],
      "flags": {},
      "order": 6,
      "mode": 0,
      "inputs": [
        {
          "localized_name": "source",
          "name": "source",
          "type": "*",
          "link": 7
        }
      ],
      "outputs": [],
      "properties": {
        "cnr_id": "comfy-core",
        "ver": "0.3.59",
        "Node name for S&R": "PreviewAny"
      },
      "widgets_values": []
    },
    {
      "id": 10,
      "type": "SaveLora",
      "pos": [
        997.5963134765625,
        420.1533203125
      ],
      "size": [
        270,
        82
      ],
      "flags": {},
      "order": 2,
      "mode": 0,
      "inputs": [
        {
          "localized_name": "lora",
          "name": "lora",
          "type": "LORA",
          "link": 8
        },
        {
          "localized_name": "filename",
          "name": "filename",
          "type": "STRING",
          "widget": {
            "name": "filename"
          },
          "link": null
        },
        {
          "localized_name": "output_dir",
          "name": "output_dir",
          "shape": 7,
          "type": "STRING",
          "widget": {
            "name": "output_dir"
          },
          "link": null
        }
      ],
      "outputs": [],
      "properties": {
        "cnr_id": "lorautils",
        "ver": "f6db1368facc26d491f90015d620f7b2b8e0c9f9",
        "Node name for S&R": "SaveLora"
      },
      "widgets_values": [
        "my_lora.safetensors",
        "D:\\ComfyUI\\output"
      ]
    },
    {
      "id": 2,
      "type": "LoraLayersOperation",
      "pos": [
        530.5599365234375,
        232.9199981689453
      ],
      "size": [
        410.79998779296875,
        142.79998779296875
      ],
      "flags": {},
      "order": 3,
      "mode": 0,
      "inputs": [
        {
          "localized_name": "lora",
          "name": "lora",
          "type": "LORA",
          "link": 1
        },
        {
          "localized_name": "layer_pattern",
          "name": "layer_pattern",
          "type": "STRING",
          "widget": {
            "name": "layer_pattern"
          },
          "link": null
        },
        {
          "localized_name": "layer_indices",
          "name": "layer_indices",
          "type": "STRING",
          "widget": {
            "name": "layer_indices"
          },
          "link": null
        },
        {
          "localized_name": "scale_factor",
          "name": "scale_factor",
          "type": "FLOAT",
          "widget": {
            "name": "scale_factor"
          },
          "link": null
        }
      ],
      "outputs": [
        {
          "localized_name": "modified_lora",
          "name": "modified_lora",
          "type": "LORA",
          "links": [
            2,
            8
          ]
        }
      ],
      "properties": {
        "cnr_id": "lorautils",
        "ver": "f6db1368facc26d491f90015d620f7b2b8e0c9f9",
        "Node name for S&R": "LoraLayersOperation",
        "aux_id": "lrzjason/Comfyui-LoraUtils"
      },
      "widgets_values": [
        ".*transformer_blocks\\.(\\d+)\\.",
        "49,50-59",
        0
      ]
    }
  ],
  "links": [
    [
      1,
      1,
      0,
      2,
      0,
      "LORA"
    ],
    [
      2,
      2,
      0,
      3,
      1,
      "LORA"
    ],
    [
      3,
      1,
      0,
      5,
      0,
      "LORA"
    ],
    [
      5,
      7,
      0,
      3,
      0,
      "MODEL"
    ],
    [
      6,
      3,
      0,
      8,
      0,
      "MODEL"
    ],
    [
      7,
      5,
      0,
      9,
      0,
      "*"
    ],
    [
      8,
      2,
      0,
      10,
      0,
      "LORA"
    ]
  ],
  "groups": [],
  "config": {},
  "extra": {
    "ds": {
      "scale": 0.8264462809917354,
      "offset": [
        -69.09071957195097,
        70.76799434958096
      ]
    }
  },
  "version": 0.4
}